lgd_code,district_code,state_code,name_en,name_hi
090101,0901,09,Lucknow Sadar,लखनऊ सदर
090102,0901,09,Mohanlalganj,मोहनलालगंज
090103,0901,09,Bakshi Ka Talab,बख्शी का तालाब
090201,0902,09,Agra Sadar,आगरा सदर
090202,0902,09,Etmadpur,इटावा
090203,0902,09,Kheragarh,खेरागढ़
090301,0903,09,Varanasi Sadar,वाराणसी सदर
090302,0903,09,Pindra,पिंडरा
090303,0903,09,Chiraigaon,चिरईगाँव
090401,0904,09,Kanpur Sadar,कानपुर सदर
090402,0904,09,Ghatampur,घाटमपुर
090403,0904,09,Bilhaur,बिल्हौर
090501,0905,09,Allahabad Sadar,इलाहाबाद सदर
090502,0905,09,Meja,मेजा
090503,0905,09,Karchana,करछना
100101,1001,10,Patna Sadar,पटना सदर
100102,1001,10,Danapur,दानापुर
080101,0801,08,Jaipur Sadar,जयपुर सदर
080102,0801,08,Amer,आमेर
