lgd_code,tehsil_code,district_code,state_code,name_en,name_hi
09010101,090101,0901,09,Aishbagh,ऐशबाग
09010102,090101,0901,09,Aminabad,अमीनाबाद
09010103,090101,0901,09,Alambagh,आलमबाग
09010104,090101,0901,09,Indira Nagar,इंदिरा नगर
09010105,090101,0901,09,Gomti Nagar,गोमती नगर
09010106,090101,0901,09,Chinhat,चिनहट
09010107,090101,0901,09,Bakkas,बक्कास
09010108,090101,0901,09,Kakori,काकोरी
09010109,090101,0901,09,Malihabad,मलिहाबाद
09010110,090101,0901,09,Gosainganj,गोसाईंगंज
09010201,090102,0901,09,Mohanlalganj,मोहनलालगंज
09010202,090102,0901,09,Mal,माल
09010203,090102,0901,09,Itaunja,इटौंजा
09010204,090102,0901,09,Sarosa Bharose,सरोसा भरोसे
09010205,090102,0901,09,Raipur,रायपुर
09010301,090103,0901,09,Bakshi Ka Talab,बख्शी का तालाब
09010302,090103,0901,09,Sarojini Nagar,सरोजनी नगर
09010303,090103,0901,09,Nigohan,निगोहाँ
09010304,090103,0901,09,Mahona,महोना
09010305,090103,0901,09,Kanaura,कनौरा
09020101,090201,0902,09,Fatehpur Sikri,फतेहपुर सीकरी
09020102,090201,0902,09,Bichpuri,बीचपुरी
09020103,090201,0902,09,Akola,अकोला
09020104,090201,0902,09,Barolli Ahir,बरोल्ली अहीर
09020105,090201,0902,09,Runkata,रूनकता
09020201,090202,0902,09,Etmadpur,इटमादपुर
09020202,090202,0902,09,Achhnera,अछनेरा
09020203,090202,0902,09,Jagner,जगनेर
09020301,090203,0902,09,Kheragarh,खेरागढ़
09020302,090203,0902,09,Bah,बाह
09030101,090301,0903,09,Varanasi Sadar,वाराणसी सदर
09030102,090301,0903,09,Rohania,रोहनिया
09030103,090301,0903,09,Shivpur,शिवपुर
09030104,090301,0903,09,Kashi Vidyapeeth,काशी विद्यापीठ
09030105,090301,0903,09,Arajiline,अराजीलाइन
09030201,090302,0903,09,Pindra,पिंडरा
09030202,090302,0903,09,Barhi,बरही
09030203,090302,0903,09,Harahua,हराहुआ
09030301,090303,0903,09,Chiraigaon,चिरईगाँव
09030302,090303,0903,09,Badagaon,बड़ागाँव
09030303,090303,0903,09,Cholapur,चोलापुर
09040101,090401,0904,09,Kanpur Sadar,कानपुर सदर
09040102,090401,0904,09,Govind Nagar,गोविंद नगर
09040103,090401,0904,09,Kalyanpur,कल्याणपुर
09040201,090402,0904,09,Ghatampur,घाटमपुर
09040202,090402,0904,09,Bhitargaon,भितरगाँव
09040301,090403,0904,09,Bilhaur,बिल्हौर
09040302,090403,0904,09,Sarsaul,सरसौल
09050101,090501,0905,09,Allahabad Sadar,इलाहाबाद सदर
09050102,090501,0905,09,Soraon,सोरांव
09050103,090501,0905,09,Phulpur,फूलपुर
09050201,090502,0905,09,Meja,मेजा
09050202,090502,0905,09,Manda,मांडा
09050301,090503,0905,09,Karchana,करछना
09050302,090503,0905,09,Shankargarh,शंकरगढ़
# --- Bihar (minimal) ---
10010101,100101,1001,10,Patna Sadar,पटना सदर
10010102,100101,1001,10,Phulwari,फुलवारी
# --- Rajasthan (minimal) ---
08010101,080101,0801,08,Jaipur Sadar,जयपुर सदर
08010102,080101,0801,08,Sanganer,सांगानेर
